Mes,BADLAR_prom_TNA_pct,Reservas_prom_MUSD,Inflacion_mensual_pct
2026-06-01 00:00:00,20.69047619047619,47482.04761904762,1.9
2026-07-01 00:00:00,21.31845238095238,48628.71428571428,2.1
2026-05-01 00:00:00,21.345394736842106,46575.31578947369,2.1
2026-04-01 00:00:00,22.446875,45405.9,2.6
2026-08-01 00:00:00,22.721875,49858.75,1.7
2025-12-01 00:00:00,26.460526315789473,42110.10526315789,2.8
2026-03-01 00:00:00,27.56875,44888.35,3.4
2025-02-01 00:00:00,28.478125,28780.7,2.4
2025-03-01 00:00:00,29.506944444444443,27140,3.7
2026-02-01 00:00:00,30.791666666666668,45566.055555555555,2.9
2026-01-01 00:00:00,31.202380952380953,44839.90476190476,2.9
2025-01-01 00:00:00,31.49715909090909,30660.909090909092,2.2
2025-11-01 00:00:00,32.025735294117645,40807.470588235294,2.5
2025-06-01 00:00:00,32.161184210526315,39669.89473684211,1.6
2025-07-01 00:00:00,32.49715909090909,40307.90909090909,1.9
2025-05-01 00:00:00,32.753125,38283.75,1.5
2024-12-01 00:00:00,32.875,31758.842105263157,2.7
2025-04-01 00:00:00,33.1546052631579,32162.21052631579,2.8
2024-06-01 00:00:00,33.4264705882353,29454.764705882353,4.6
2021-10-01 00:00:00,34.141447368421055,42939.42105263158,3.5
2021-11-01 00:00:00,34.17559523809524,42472.666666666664,2.5
2021-12-01 00:00:00,34.2,40627.4,3.8
2024-05-01 00:00:00,35.58522727272727,28599.68181818182,4.2
2024-11-01 00:00:00,36.171052631578945,30382.473684210527,2.4
2024-07-01 00:00:00,36.90625,28087.545454545456,4
2022-01-01 00:00:00,36.92559523809524,38995.42857142857,3.9
2022-02-01 00:00:00,38.31578947368421,37286.68421052631,4.7
2024-08-01 00:00:00,38.84375,27557,4.2
2024-09-01 00:00:00,39.38095238095238,27526.761904761905,3.5
2024-10-01 00:00:00,40.50852272727273,28730.590909090908,2.7
2022-03-01 00:00:00,40.541666666666664,38588.47619047619,6.7
2022-04-01 00:00:00,43.27302631578947,42987.63157894737,6
2022-05-01 00:00:00,45.521875,41639.1,5.1
2025-10-01 00:00:00,46.16761363636364,41459.954545454544,2.3
2025-08-01 00:00:00,48.03125,41682.7,1.9
2022-06-01 00:00:00,48.20625,40867.6,5.3
2025-09-01 00:00:00,48.42897727272727,40097.09090909091,2.1
2022-07-01 00:00:00,51.07142857142857,40408.04761904762,7.4
2022-08-01 00:00:00,60.48863636363637,37142.22727272727,7
2024-04-01 00:00:00,62.66875,29284.7,8.8
2022-09-01 00:00:00,66.48809523809524,37232.71428571428,6.2
2022-10-01 00:00:00,69.0625,39088.42105263158,6.3
2022-11-01 00:00:00,69.17857142857143,37925.857142857145,4.9
2022-12-01 00:00:00,69.3,40820.9,5.1
2023-01-01 00:00:00,69.46875,43159.86363636364,6
2023-02-01 00:00:00,69.77430555555556,39898.77777777778,6.6
2023-03-01 00:00:00,70.98011363636364,37943.09090909091,7.7
2023-04-01 00:00:00,74.23611111111111,36971.944444444445,8.4
2024-03-01 00:00:00,85.41447368421052,27998.57894736842,11
2023-05-01 00:00:00,90.046875,33545,7.8
2023-06-01 00:00:00,92.446875,31849.9,6
2023-07-01 00:00:00,92.60119047619048,26070.095238095237,6.3
2023-08-01 00:00:00,104.01704545454545,25280.227272727272,12.4
2024-02-01 00:00:00,108.89473684210526,26959.42105263158,13.2
2024-01-01 00:00:00,109.16761363636364,24328.681818181816,20.6
2023-09-01 00:00:00,113.73511904761905,27484.95238095238,12.7
2023-12-01 00:00:00,121.17105263157895,21879.947368421053,25.5
2023-10-01 00:00:00,122.08125,25232.3,8.3
2023-11-01 00:00:00,129.35,21398.8,12.8
